Keywords,Category
platform,product
product,product
feature,product
functionality,product
integration,product
automation,product
workflow,product
interface,product
scalable,product
customization,product
customisation,product
reliablity,product
flexability,product
engagement,engagement
partnership,engagement
relationship,engagement
communication,engagement
responsive,engagement
proactive,engagement
account manager,engagement
ease of doing business,engagement
support,support
documentation,support
training,support
ticket,support
resolution,support
timely,support
price,price
cost,price
budget,price
affordable,price
expensive,high-price
overpriced,high-price
costly,high-price
license,licensing
licensing,licensing
licence,licensing
lisence,licensing
licensce,licensing
value,monetization
investment,monetization
roi,monetization
transparency,transparency
transparent,transparency
visibility,transparency
